{"valid_loss": 24.108350623355996, "epoch": 3, "train_loss": 17.31131929813959, "_timestamp": 1719597809.32811, "_runtime": 0.554987907409668, "_step": 3, "_wandb": {"runtime": 0}}