{"valid_loss": 14.388233260951823, "epoch": 24, "train_loss": 8.548126988018149, "_timestamp": 1719597862.509838, "_runtime": 1.3884520530700684, "_step": 24, "_wandb": {"runtime": 1}}