{"valid_loss": 15.718384044691925, "epoch": 9, "train_loss": 21.993257212333898, "_timestamp": 1719597829.5404649, "_runtime": 0.796550989151001, "_step": 9, "_wandb": {"runtime": 0}}