{"valid_loss": 30.362045504509982, "epoch": 9, "train_loss": 13.575953008503015, "_timestamp": 1719597792.71753, "_runtime": 0.6329638957977295, "_step": 9, "_wandb": {"runtime": 0}}