{"valid_loss": 8.673611971604664, "epoch": 9, "train_loss": 7.683144360687696, "_timestamp": 1719597765.78867, "_runtime": 0.5562331676483154, "_step": 9, "_wandb": {"runtime": 0}}