{"valid_loss": 5.976380846108628, "epoch": 9, "train_loss": 6.057789991136812, "_timestamp": 1719597757.905078, "_runtime": 0.6832089424133301, "_step": 9, "_wandb": {"runtime": 0}}